<?xml version="1.0" encoding="UTF-8"?>
<launch4jConfig>
  <dontWrapJar>false</dontWrapJar>
  <headerType>gui</headerType>
  <jar>/home/dharwin/Downloads/gym-managment-system/dist/gym-managment-system.jar</jar>
  <outfile>DWinFitnessCenter.exe</outfile>
  <errTitle>Please install JRE interface</errTitle>
  <cmdLine></cmdLine>
  <chdir>.</chdir>
  <priority>normal</priority>
  <downloadUrl>http://java.com/download</downloadUrl>
  <supportUrl></supportUrl>
  <stayAlive>false</stayAlive>
  <restartOnCrash>false</restartOnCrash>
  <manifest></manifest>
  <icon>/home/dharwin/Downloads/dumbbells_gym_fitness_sport_icon_186978.ico</icon>
  <singleInstance>
    <mutexName>DWinFitnessCenter</mutexName>
    <windowTitle>DWinFitnessCenter</windowTitle>
  </singleInstance>
  <jre>
    <path></path>
    <bundledJre64Bit>false</bundledJre64Bit>
    <bundledJreAsFallback>false</bundledJreAsFallback>
    <minVersion>1.0.0</minVersion>
    <maxVersion></maxVersion>
    <jdkPreference>preferJre</jdkPreference>
    <runtimeBits>64/32</runtimeBits>
  </jre>
</launch4jConfig>